Id,CourseId,Name,Description,DueAt,Weighting
1,441101,Digital Portfolio Lab Book,Digital Portfolio Lab Book,21/03/2024 14:00:00,50
2,441101,Open Book Practical Exam,Open Book Practical Exam,13/01/2024 17:00:00,25
3,441101,Capstone Project,Capstone Project,22/05/2024 14:00:00,25
4,441105,Code/Report,Code/Report,16/11/2023 14:00:00,60
5,441105,Online Quiz,Online Quiz,09/01/2024 12:30:00,40
6,441108,Personal Portfolio (Portfolio),Personal Portfolio (Portfolio),14/12/2023 14:00:00,60
7,441108,Team Design Project (Portfolio of iterative design artefacts),Team Design Project (Portfolio of iterative design artefacts),14/12/2023 14:00:00,40
8,441104,Computer based assessment of concepts and their application,Computer based assessment of concepts and their application,09/05/2024 14:00:00,100
9,441102,"Weekly Lab Book on Architectures, Operating Systems and the Cloud","Weekly Lab Book on Architectures, Operating Systems and the Cloud",16/11/2023 14:00:00,50
10,441102,Cloud Hosted Group Project,Cloud Hosted Group Project,09/01/2024 14:00:00,50
11,551462,Individual Software project portfolio,Individual Software project portfolio,27/11/2024 14:00:00,40
12,551462,Group Project Portfolio Individual reflection / log,Group Project Portfolio Individual reflection / log,08/05/2025 14:00:00,60
13,551458,Coursework: Programming Assignment,Coursework: Programming Assignment,07/01/2025 14:00:00,100
14,551457,Network Database Implementation Practical,Network Database Implementation Practical,20/11/2024 14:00:00,60
15,551457,Online Examination Open Book,Online Examination Open Book,13/01/2025 17:00:00,40
16,551455,Lab book,Lab book,27/11/2025 14:00:00,100
17,551528,Electronic hardware development assignment.,Electronic hardware development assignment.,04/12/2025 14:00:00,50
18,551528,Multi Sensors communication and hardware integration assignment.,Multi Sensors communication and hardware integration assignment.,11/12/2025 14:00:00,50
19,551460,Individual UI/UX Portfolio,Individual UI/UX Portfolio,01/05/2025 14:00:00,100
20,500083,Lab book,Lab book,21/05/2025 14:00:00,100
21,551461,Virtual Reality App Development,Virtual Reality App Development,07/05/2025 14:00:00,50
22,551461,Mixed Reality App Development ,Mixed Reality App Development ,24/04/2025 14:00:00,50
23,551672,Analysis Plan Document ,Analysis Plan Document ,07/05/2025 14:00:00,32
24,551672,Project report + code submission,Project report + code submission,24/04/2025 14:00:00,68
25,551529,Multi-component IoTdevelopment assignment.,Multi-component IoTdevelopment assignment.,14/05/2025 14:00:00,100
26,600091,Portfolio of evidence,Portfolio of evidence,23/04/2026 14:00:00,100
27,662004,Portfolio of evidence,Portfolio of evidence,23/04/2026 14:00:00,75
28,662004,Reflective Portfolio ,Reflective Portfolio ,23/04/2026 14:00:00,25
29,661982,Practical Infrastructure installation and configuration exercise,Practical Infrastructure installation and configuration exercise,26/11/2026 14:00:00,60
30,661982,Security and systems theory exercise,Security and systems theory exercise,08/01/2026 12:30:00,40
31,661984,Group Portfolio (Portfolio),Group Portfolio (Portfolio),03/12/2026 14:00:00,100
32,662086,Coursework: Programming Assignment,Coursework: Programming Assignment,11/12/2025 14:00:00,100
33,662327,Coursework: Simulation and AI-based Game Programming,Coursework: Simulation and AI-based Game Programming,03/12/2025 14:00:00,100
34,600098,Individual software implementation of a game and game engine,Individual software implementation of a game and game engine,18/12/2025 14:00:00,100
36,662085,Group coursework with Individual Report: Real-time embedded control system development,Group coursework with Individual Report: Real-time embedded control system development,11/12/2025 14:00:00,100
37,661985,"Portfolio of analysis, design and implementation of Safety Critical System.","Portfolio of analysis, design and implementation of Safety Critical System.",11/05/2026 14:00:00,100
38,600089,Distributed Systems Assessed Coursework,Distributed Systems Assessed Coursework,29/04/2026 14:00:00,60
39,600089,Open Book Digital Assessment,Open Book Digital Assessment,05/05/2026 11:30:00,40
40,662253,Coursework: Programming Assignment Presentation to include ethical considerations.,Coursework: Programming Assignment Presentation to include ethical considerations.,05/05/2026 14:00:00,100
41,600100,Coursework: Image Processing assignment,Coursework: Image Processing assignment,05/05/2026 14:00:00,70
42,600100,Coursework:Computer Vision assignment,Coursework:Computer Vision assignment,05/05/2026 14:00:00,30
43,600086,Lab book,Lab book,22/05/2026 14:00:00,100
44,441101,Digital Portfolio Lab Book,Digital Portfolio Lab Book,20/03/2025 14:00:00,50
45,441101,Open Book Practical Exam,Open Book Practical Exam,13/01/2025 17:00:00,25
46,441101,Capstone Project,Capstone Project,22/05/2025 14:00:00,25
47,441105,Code/Report,Code/Report,15/11/2024 14:00:00,60
48,441105,Online Quiz,Online Quiz,09/01/2025 12:30:00,40
49,441108,Personal Portfolio (Portfolio),Personal Portfolio (Portfolio),14/12/2025 14:00:00,60
50,441108,Team Design Project (Portfolio of iterative design artefacts),Team Design Project (Portfolio of iterative design artefacts),13/12/2024 14:00:00,40
51,441104,Computer based assessment of concepts and their application,Computer based assessment of concepts and their application,09/05/2025 14:00:00,100
52,441102,"Weekly Lab Book on Architectures, Operating Systems and the Cloud","Weekly Lab Book on Architectures, Operating Systems and the Cloud",15/11/2024 14:00:00,50
53,441102,Cloud Hosted Group Project,Cloud Hosted Group Project,09/01/2025 14:00:00,50
54,551462,Individual Software project portfolio,Individual Software project portfolio,27/11/2025 14:00:00,40
55,551462,Group Project Portfolio Individual reflection / log,Group Project Portfolio Individual reflection / log,08/05/2026 14:00:00,60
56,551458,Coursework: Programming Assignment,Coursework: Programming Assignment,07/01/2026 14:00:00,100
57,551457,Network Database Implementation Practical,Network Database Implementation Practical,20/11/2025 14:00:00,60
58,551457,Online Examination Open Book,Online Examination Open Book,13/01/2026 17:00:00,40
59,551455,Lab book,Lab book,27/11/2026 14:00:00,100
60,551528,Electronic hardware development assignment.,Electronic hardware development assignment.,04/12/2026 14:00:00,50
61,551528,Multi Sensors communication and hardware integration assignment.,Multi Sensors communication and hardware integration assignment.,11/12/2026 14:00:00,50
62,551460,Individual UI/UX Portfolio,Individual UI/UX Portfolio,01/05/2026 14:00:00,100
63,500083,Lab book,Lab book,21/05/2026 14:00:00,100
64,551461,Virtual Reality App Development,Virtual Reality App Development,07/05/2026 14:00:00,50
65,551461,Mixed Reality App Development ,Mixed Reality App Development ,24/04/2026 14:00:00,50
66,551672,Analysis Plan Document ,Analysis Plan Document ,07/05/2026 14:00:00,32
67,551672,Project report + code submission,Project report + code submission,24/04/2026 14:00:00,68
68,551529,Multi-component IoTdevelopment assignment.,Multi-component IoTdevelopment assignment.,14/05/2026 14:00:00,100
69,441101,Digital Portfolio Lab Book,Digital Portfolio Lab Book,23/03/2026 14:00:00,50
70,441101,Open Book Practical Exam,Open Book Practical Exam,13/01/2026 17:00:00,25
71,441101,Capstone Project,Capstone Project,22/05/2026 14:00:00,25
72,441105,Code/Report,Code/Report,17/11/2025 14:00:00,60
73,441105,Online Quiz,Online Quiz,09/01/2026 12:30:00,40
74,441108,Personal Portfolio (Portfolio),Personal Portfolio (Portfolio),15/12/2025 14:00:00,60
75,441108,Team Design Project (Portfolio of iterative design artefacts),Team Design Project (Portfolio of iterative design artefacts),15/12/2025 14:00:00,40
76,441104,Computer based assessment of concepts and their application,Computer based assessment of concepts and their application,11/05/2026 14:00:00,100
77,441102,"Weekly Lab Book on Architectures, Operating Systems and the Cloud","Weekly Lab Book on Architectures, Operating Systems and the Cloud",17/11/2025 14:00:00,50
78,441102,Cloud Hosted Group Project,Cloud Hosted Group Project,09/01/2026 14:00:00,50
